특성별(1),특성별(2),특성별(3),특성별(4),방문고객및배달테이크아웃수별(1),방문고객및배달테이크아웃수별(2),시점,원데이터,전년 대비 증감,증감률
전체,소계,소계,소계,방문 고객수,20명 미만 (%),2021,29,2,7.4
전체,소계,소계,소계,방문 고객수,20~30명 미만 (%),2021,14.7,-0.2,-1.3
전체,소계,소계,소계,방문 고객수,30~50명 미만 (%),2021,26.9,3.5,15
전체,소계,소계,소계,방문 고객수,50~100명 미만 (%),2021,21,-3.5,-14.3
전체,소계,소계,소계,방문 고객수,100명 이상 (%),2021,8.4,-1.9,-18.4
전체,소계,소계,소계,방문 고객수,평균 (명),2021,41.8,-5.9,-12.4
전체,소계,소계,소계,배달 수,없음 (%),2021,63.6,-10.2,-13.8
전체,소계,소계,소계,배달 수,10인분 미만 (%),2021,7.9,2.1,36.2
전체,소계,소계,소계,배달 수,10~20인분 미만 (%),2021,10.4,2.9,38.7
전체,소계,소계,소계,배달 수,20~30인분 미만 (%),2021,7.1,2.8,65.1
전체,소계,소계,소계,배달 수,30~50인분 미만 (%),2021,7,1.6,29.6
전체,소계,소계,소계,배달 수,50인분 이상 (%),2021,4,0.9,29
전체,소계,소계,소계,배달 수,평균 (인분),2021,8.6,2.2,34.4
전체,소계,소계,소계,테이크아웃 수,없음 (%),2021,43.7,-10.3,-19.1
전체,소계,소계,소계,테이크아웃 수,10인분 미만 (%),2021,22.4,5.4,31.8
전체,소계,소계,소계,테이크아웃 수,10~20인분 미만 (%),2021,13.1,3.1,31
전체,소계,소계,소계,테이크아웃 수,20~30인분 미만 (%),2021,8.1,3.3,68.8
전체,소계,소계,소계,테이크아웃 수,30~50인분 미만 (%),2021,6.3,0.4,6.8
전체,소계,소계,소계,테이크아웃 수,50인분 이상 (%),2021,6.4,-1.9,-22.9
전체,소계,소계,소계,테이크아웃 수,평균 (인분),2021,12.2,-0.5,-3.9
업종별,일반음식점,소계,소계,방문 고객수,20명 미만 (%),2021,21.6,2.7,14.3
업종별,일반음식점,소계,소계,방문 고객수,20~30명 미만 (%),2021,14.7,0.5,3.5
업종별,일반음식점,소계,소계,방문 고객수,30~50명 미만 (%),2021,29.6,4,15.6
업종별,일반음식점,소계,소계,방문 고객수,50~100명 미만 (%),2021,26.4,-3.1,-10.5
업종별,일반음식점,소계,소계,방문 고객수,100명 이상 (%),2021,7.8,-3.9,-33.3
업종별,일반음식점,소계,소계,방문 고객수,평균 (명),2021,43.1,-7,-14
업종별,일반음식점,소계,소계,배달 수,없음 (%),2021,65.7,-9.9,-13.1
업종별,일반음식점,소계,소계,배달 수,10인분 미만 (%),2021,9.3,3.9,72.2
업종별,일반음식점,소계,소계,배달 수,10~20인분 미만 (%),2021,8.8,0.4,4.8
업종별,일반음식점,소계,소계,배달 수,20~30인분 미만 (%),2021,6,3,100
업종별,일반음식점,소계,소계,배달 수,30~50인분 미만 (%),2021,6.4,1.9,42.2
업종별,일반음식점,소계,소계,배달 수,50인분 이상 (%),2021,3.8,0.7,22.6
업종별,일반음식점,소계,소계,배달 수,평균 (인분),2021,7.7,1.9,32.8
업종별,일반음식점,소계,소계,테이크아웃 수,없음 (%),2021,50.5,-14.8,-22.7
업종별,일반음식점,소계,소계,테이크아웃 수,10인분 미만 (%),2021,26.2,6.4,32.3
업종별,일반음식점,소계,소계,테이크아웃 수,10~20인분 미만 (%),2021,13.1,3,29.7
업종별,일반음식점,소계,소계,테이크아웃 수,20~30인분 미만 (%),2021,6.8,3.6,112.5
업종별,일반음식점,소계,소계,테이크아웃 수,30~50인분 미만 (%),2021,2.8,1.8,180
업종별,일반음식점,소계,소계,테이크아웃 수,50인분 이상 (%),2021,0.6,0.1,20
업종별,일반음식점,소계,소계,테이크아웃 수,평균 (인분),2021,5.7,2.4,72.7
업종별,일반음식점,한식,소계,방문 고객수,20명 미만 (%),2021,21.3,3.3,18.3
업종별,일반음식점,한식,소계,방문 고객수,20~30명 미만 (%),2021,14.2,0.1,0.7
업종별,일반음식점,한식,소계,방문 고객수,30~50명 미만 (%),2021,30,3.7,14.1
업종별,일반음식점,한식,소계,방문 고객수,50~100명 미만 (%),2021,26.7,-3.9,-12.7
업종별,일반음식점,한식,소계,방문 고객수,100명 이상 (%),2021,7.9,-3.1,-28.2
업종별,일반음식점,한식,소계,방문 고객수,평균 (명),2021,42.9,-6.9,-13.9
업종별,일반음식점,한식,소계,배달 수,없음 (%),2021,71.6,-8.9,-11.1
업종별,일반음식점,한식,소계,배달 수,10인분 미만 (%),2021,8.7,3.9,81.3
업종별,일반음식점,한식,소계,배달 수,10~20인분 미만 (%),2021,8.5,0.7,9
업종별,일반음식점,한식,소계,배달 수,20~30인분 미만 (%),2021,5.1,2.6,104
업종별,일반음식점,한식,소계,배달 수,30~50인분 미만 (%),2021,4.3,0.7,19.4
업종별,일반음식점,한식,소계,배달 수,50인분 이상 (%),2021,1.9,1,111.1
업종별,일반음식점,한식,소계,배달 수,평균 (인분),2021,5.2,1.6,44.4
업종별,일반음식점,한식,소계,테이크아웃 수,없음 (%),2021,51.6,-14.4,-21.8
업종별,일반음식점,한식,소계,테이크아웃 수,10인분 미만 (%),2021,25.1,5.9,30.7
업종별,일반음식점,한식,소계,테이크아웃 수,10~20인분 미만 (%),2021,12.7,2.8,28.3
업종별,일반음식점,한식,소계,테이크아웃 수,20~30인분 미만 (%),2021,7,3.5,100
업종별,일반음식점,한식,소계,테이크아웃 수,30~50인분 미만 (%),2021,3.1,2.1,210
업종별,일반음식점,한식,소계,테이크아웃 수,50인분 이상 (%),2021,0.6,0.2,50
업종별,일반음식점,한식,소계,테이크아웃 수,평균 (인분),2021,5.9,2.7,84.4
업종별,일반음식점,중식,소계,방문 고객수,20명 미만 (%),2021,23.3,-4,-14.7
업종별,일반음식점,중식,소계,방문 고객수,20~30명 미만 (%),2021,20.1,4.2,26.4
업종별,일반음식점,중식,소계,방문 고객수,30~50명 미만 (%),2021,20.8,-3.1,-13
업종별,일반음식점,중식,소계,방문 고객수,50~100명 미만 (%),2021,27.4,8.5,45
업종별,일반음식점,중식,소계,방문 고객수,100명 이상 (%),2021,8.4,-5.6,-40
업종별,일반음식점,중식,소계,방문 고객수,평균 (명),2021,45.9,-0.4,-0.9
업종별,일반음식점,중식,소계,배달 수,없음 (%),2021,21.9,-10,-31.3
업종별,일반음식점,중식,소계,배달 수,10인분 미만 (%),2021,4.2,-0.4,-8.7
업종별,일반음식점,중식,소계,배달 수,10~20인분 미만 (%),2021,5,-3.6,-41.9
업종별,일반음식점,중식,소계,배달 수,20~30인분 미만 (%),2021,9.4,2.4,34.3
업종별,일반음식점,중식,소계,배달 수,30~50인분 미만 (%),2021,28.5,11.7,69.6
업종별,일반음식점,중식,소계,배달 수,50인분 이상 (%),2021,31.1,0,0
업종별,일반음식점,중식,소계,배달 수,평균 (인분),2021,34.1,1.9,5.9
업종별,일반음식점,중식,소계,테이크아웃 수,없음 (%),2021,56,-17.4,-23.7
업종별,일반음식점,중식,소계,테이크아웃 수,10인분 미만 (%),2021,27.3,11.7,75
업종별,일반음식점,중식,소계,테이크아웃 수,10~20인분 미만 (%),2021,13.4,4.1,44.1
업종별,일반음식점,중식,소계,테이크아웃 수,20~30인분 미만 (%),2021,2.7,1.7,170
업종별,일반음식점,중식,소계,테이크아웃 수,30~50인분 미만 (%),2021,0,,
업종별,일반음식점,중식,소계,테이크아웃 수,50인분 이상 (%),2021,0.6,-0.1,-14.3
업종별,일반음식점,중식,소계,테이크아웃 수,평균 (인분),2021,3.5,1.3,59.1
업종별,일반음식점,일식,소계,방문 고객수,20명 미만 (%),2021,24.8,-0.5,-2
업종별,일반음식점,일식,소계,방문 고객수,20~30명 미만 (%),2021,15.5,1.3,9.2
업종별,일반음식점,일식,소계,방문 고객수,30~50명 미만 (%),2021,28,2.6,10.2
업종별,일반음식점,일식,소계,방문 고객수,50~100명 미만 (%),2021,25,1.3,5.5
업종별,일반음식점,일식,소계,방문 고객수,100명 이상 (%),2021,6.7,-4.8,-41.7
업종별,일반음식점,일식,소계,방문 고객수,평균 (명),2021,42.2,-6.2,-12.8
업종별,일반음식점,일식,소계,배달 수,없음 (%),2021,40,-14.6,-26.7
업종별,일반음식점,일식,소계,배달 수,10인분 미만 (%),2021,24.3,11.1,84.1
업종별,일반음식점,일식,소계,배달 수,10~20인분 미만 (%),2021,16,0.2,1.3
업종별,일반음식점,일식,소계,배달 수,20~30인분 미만 (%),2021,12,5,71.4
업종별,일반음식점,일식,소계,배달 수,30~50인분 미만 (%),2021,4.6,-1.6,-25.8
업종별,일반음식점,일식,소계,배달 수,50인분 이상 (%),2021,3.1,-0.3,-8.8
업종별,일반음식점,일식,소계,배달 수,평균 (인분),2021,10.9,3,38
업종별,일반음식점,일식,소계,테이크아웃 수,없음 (%),2021,30.4,-13,-30
업종별,일반음식점,일식,소계,테이크아웃 수,10인분 미만 (%),2021,46.6,7.1,18
업종별,일반음식점,일식,소계,테이크아웃 수,10~20인분 미만 (%),2021,13.7,1.3,10.5
업종별,일반음식점,일식,소계,테이크아웃 수,20~30인분 미만 (%),2021,7.6,4.9,181.5
업종별,일반음식점,일식,소계,테이크아웃 수,30~50인분 미만 (%),2021,0.9,-1.1,-55
업종별,일반음식점,일식,소계,테이크아웃 수,50인분 이상 (%),2021,0.7,,
업종별,일반음식점,일식,소계,테이크아웃 수,평균 (인분),2021,5.6,1.7,43.6
업종별,일반음식점,서양식,소계,방문 고객수,20명 미만 (%),2021,24.6,1.9,8.4
업종별,일반음식점,서양식,소계,방문 고객수,20~30명 미만 (%),2021,18.8,4.3,29.7
업종별,일반음식점,서양식,소계,방문 고객수,30~50명 미만 (%),2021,34.3,18.7,119.9
업종별,일반음식점,서양식,소계,방문 고객수,50~100명 미만 (%),2021,16.3,-10.4,-39
업종별,일반음식점,서양식,소계,방문 고객수,100명 이상 (%),2021,6,-14.5,-70.7
업종별,일반음식점,서양식,소계,방문 고객수,평균 (명),2021,41.7,-15.3,-26.8
업종별,일반음식점,서양식,소계,배달 수,없음 (%),2021,45.1,-17.6,-28.1
업종별,일반음식점,서양식,소계,배달 수,10인분 미만 (%),2021,12.2,1.6,15.1
업종별,일반음식점,서양식,소계,배달 수,10~20인분 미만 (%),2021,18.7,2,12
업종별,일반음식점,서양식,소계,배달 수,20~30인분 미만 (%),2021,13.2,8.2,164
업종별,일반음식점,서양식,소계,배달 수,30~50인분 미만 (%),2021,10.2,8.5,500
업종별,일반음식점,서양식,소계,배달 수,50인분 이상 (%),2021,0.7,-2.5,-78.1
업종별,일반음식점,서양식,소계,배달 수,평균 (인분),2021,9.9,2,25.3
업종별,일반음식점,서양식,소계,테이크아웃 수,없음 (%),2021,40.8,-17,-29.4
업종별,일반음식점,서양식,소계,테이크아웃 수,10인분 미만 (%),2021,24,1.2,5.3
업종별,일반음식점,서양식,소계,테이크아웃 수,10~20인분 미만 (%),2021,22.5,9.5,73.1
업종별,일반음식점,서양식,소계,테이크아웃 수,20~30인분 미만 (%),2021,9.1,6.7,279.2
업종별,일반음식점,서양식,소계,테이크아웃 수,30~50인분 미만 (%),2021,3.7,1.3,54.2
업종별,일반음식점,서양식,소계,테이크아웃 수,50인분 이상 (%),2021,0,-1.6,-100
업종별,일반음식점,서양식,소계,테이크아웃 수,평균 (인분),2021,7,1.5,27.3
업종별,일반음식점,기타 외국식,소계,방문 고객수,20명 미만 (%),2021,14.4,1.3,9.9
업종별,일반음식점,기타 외국식,소계,방문 고객수,20~30명 미만 (%),2021,5.8,-4,-40.8
업종별,일반음식점,기타 외국식,소계,방문 고객수,30~50명 미만 (%),2021,39.2,23.4,148.1
업종별,일반음식점,기타 외국식,소계,방문 고객수,50~100명 미만 (%),2021,32.7,-5.8,-15.1
업종별,일반음식점,기타 외국식,소계,방문 고객수,100명 이상 (%),2021,7.8,-15.1,-65.9
업종별,일반음식점,기타 외국식,소계,방문 고객수,평균 (명),2021,47,-26.9,-36.4
업종별,일반음식점,기타 외국식,소계,배달 수,없음 (%),2021,41.7,-31.3,-42.9
업종별,일반음식점,기타 외국식,소계,배달 수,10인분 미만 (%),2021,26.7,11.6,76.8
업종별,일반음식점,기타 외국식,소계,배달 수,10~20인분 미만 (%),2021,4,-0.4,-9.1
업종별,일반음식점,기타 외국식,소계,배달 수,20~30인분 미만 (%),2021,8.2,3.4,70.8
업종별,일반음식점,기타 외국식,소계,배달 수,30~50인분 미만 (%),2021,19.4,16.7,618.5
업종별,일반음식점,기타 외국식,소계,배달 수,50인분 이상 (%),2021,0,,
업종별,일반음식점,기타 외국식,소계,배달 수,평균 (인분),2021,9.9,7.3,280.8
업종별,일반음식점,기타 외국식,소계,테이크아웃 수,없음 (%),2021,38,-23.1,-37.8
업종별,일반음식점,기타 외국식,소계,테이크아웃 수,10인분 미만 (%),2021,40.3,19.6,94.7
업종별,일반음식점,기타 외국식,소계,테이크아웃 수,10~20인분 미만 (%),2021,13,1.8,16.1
업종별,일반음식점,기타 외국식,소계,테이크아웃 수,20~30인분 미만 (%),2021,5.8,1.4,31.8
업종별,일반음식점,기타 외국식,소계,테이크아웃 수,30~50인분 미만 (%),2021,2.9,,
업종별,일반음식점,기타 외국식,소계,테이크아웃 수,50인분 이상 (%),2021,0,-2.7,-100
업종별,일반음식점,기타 외국식,소계,테이크아웃 수,평균 (인분),2021,4.4,0,0
업종별,일반음식점 외,소계,소계,방문 고객수,20명 미만 (%),2021,37,1.3,3.6
업종별,일반음식점 외,소계,소계,방문 고객수,20~30명 미만 (%),2021,14.8,-0.7,-4.5
업종별,일반음식점 외,소계,소계,방문 고객수,30~50명 미만 (%),2021,24.1,3.1,14.8
업종별,일반음식점 외,소계,소계,방문 고객수,50~100명 미만 (%),2021,15.2,-3.8,-20
업종별,일반음식점 외,소계,소계,방문 고객수,100명 이상 (%),2021,8.9,0.1,1.1
업종별,일반음식점 외,소계,소계,방문 고객수,평균 (명),2021,40.5,-4.7,-10.4
업종별,일반음식점 외,소계,소계,배달 수,없음 (%),2021,61.5,-10.4,-14.5
업종별,일반음식점 외,소계,소계,배달 수,10인분 미만 (%),2021,6.3,0.1,1.6
업종별,일반음식점 외,소계,소계,배달 수,10~20인분 미만 (%),2021,12.1,5.4,80.6
업종별,일반음식점 외,소계,소계,배달 수,20~30인분 미만 (%),2021,8.3,2.7,48.2
업종별,일반음식점 외,소계,소계,배달 수,30~50인분 미만 (%),2021,7.6,1.2,18.8
업종별,일반음식점 외,소계,소계,배달 수,50인분 이상 (%),2021,4.3,1.1,34.4
업종별,일반음식점 외,소계,소계,배달 수,평균 (인분),2021,9.5,2.5,35.7
업종별,일반음식점 외,소계,소계,테이크아웃 수,없음 (%),2021,36.4,-5.3,-12.7
업종별,일반음식점 외,소계,소계,테이크아웃 수,10인분 미만 (%),2021,18.3,4.4,31.7
업종별,일반음식점 외,소계,소계,테이크아웃 수,10~20인분 미만 (%),2021,13,3.1,31.3
업종별,일반음식점 외,소계,소계,테이크아웃 수,20~30인분 미만 (%),2021,9.6,3,45.5
업종별,일반음식점 외,소계,소계,테이크아웃 수,30~50인분 미만 (%),2021,10,-1.2,-10.7
업종별,일반음식점 외,소계,소계,테이크아웃 수,50인분 이상 (%),2021,12.7,-4,-24
업종별,일반음식점 외,소계,소계,테이크아웃 수,평균 (인분),2021,19.1,-3.8,-16.6
업종별,일반음식점 외,기관 구내식당업,소계,방문 고객수,20명 미만 (%),2021,2.3,1.4,155.6
업종별,일반음식점 외,기관 구내식당업,소계,방문 고객수,20~30명 미만 (%),2021,1.4,0.5,55.6
업종별,일반음식점 외,기관 구내식당업,소계,방문 고객수,30~50명 미만 (%),2021,3.7,-2.9,-43.9
업종별,일반음식점 외,기관 구내식당업,소계,방문 고객수,50~100명 미만 (%),2021,34.7,2.4,7.4
업종별,일반음식점 외,기관 구내식당업,소계,방문 고객수,100명 이상 (%),2021,57.9,-1.4,-2.4
업종별,일반음식점 외,기관 구내식당업,소계,방문 고객수,평균 (명),2021,212.8,-75.1,-26.1
업종별,일반음식점 외,기관 구내식당업,소계,배달 수,없음 (%),2021,100,1,1
업종별,일반음식점 외,기관 구내식당업,소계,배달 수,10인분 미만 (%),2021,0,,
업종별,일반음식점 외,기관 구내식당업,소계,배달 수,10~20인분 미만 (%),2021,0,,
업종별,일반음식점 외,기관 구내식당업,소계,배달 수,20~30인분 미만 (%),2021,0,,
업종별,일반음식점 외,기관 구내식당업,소계,배달 수,30~50인분 미만 (%),2021,0,,
업종별,일반음식점 외,기관 구내식당업,소계,배달 수,50인분 이상 (%),2021,0,-1,-100
업종별,일반음식점 외,기관 구내식당업,소계,테이크아웃 수,없음 (%),2021,100,0,0
업종별,일반음식점 외,기관 구내식당업,소계,테이크아웃 수,10인분 미만 (%),2021,0,,
업종별,일반음식점 외,기관 구내식당업,소계,테이크아웃 수,10~20인분 미만 (%),2021,0,,
업종별,일반음식점 외,기관 구내식당업,소계,테이크아웃 수,20~30인분 미만 (%),2021,0,,
업종별,일반음식점 외,기관 구내식당업,소계,테이크아웃 수,30~50인분 미만 (%),2021,0,,
업종별,일반음식점 외,기관 구내식당업,소계,테이크아웃 수,50인분 이상 (%),2021,0,,
업종별,일반음식점 외,출장·이동음식점업,소계,방문 고객수,20명 미만 (%),2021,93.8,12.9,15.9
업종별,일반음식점 외,출장·이동음식점업,소계,방문 고객수,20~30명 미만 (%),2021,0,,
업종별,일반음식점 외,출장·이동음식점업,소계,방문 고객수,30~50명 미만 (%),2021,0,,
업종별,일반음식점 외,출장·이동음식점업,소계,방문 고객수,50~100명 미만 (%),2021,0,-12.7,-100
업종별,일반음식점 외,출장·이동음식점업,소계,방문 고객수,100명 이상 (%),2021,6.2,-0.2,-3.1
업종별,일반음식점 외,출장·이동음식점업,소계,방문 고객수,평균 (명),2021,19.7,-21.2,-51.8
업종별,일반음식점 외,출장·이동음식점업,소계,배달 수,없음 (%),2021,10.8,-20.2,-65.2
업종별,일반음식점 외,출장·이동음식점업,소계,배달 수,10인분 미만 (%),2021,9.3,6.5,232.1
업종별,일반음식점 외,출장·이동음식점업,소계,배달 수,10~20인분 미만 (%),2021,30,-17.7,-37.1
업종별,일반음식점 외,출장·이동음식점업,소계,배달 수,20~30인분 미만 (%),2021,6.2,,
업종별,일반음식점 외,출장·이동음식점업,소계,배달 수,30~50인분 미만 (%),2021,0,-2.8,-100
업종별,일반음식점 외,출장·이동음식점업,소계,배달 수,50인분 이상 (%),2021,43.8,28.2,180.8
업종별,일반음식점 외,출장·이동음식점업,소계,배달 수,평균 (인분),2021,32.7,16.5,101.9
업종별,일반음식점 외,출장·이동음식점업,소계,테이크아웃 수,없음 (%),2021,90.7,-9.3,-9.3
업종별,일반음식점 외,출장·이동음식점업,소계,테이크아웃 수,10인분 미만 (%),2021,0,,
업종별,일반음식점 외,출장·이동음식점업,소계,테이크아웃 수,10~20인분 미만 (%),2021,0,,
업종별,일반음식점 외,출장·이동음식점업,소계,테이크아웃 수,20~30인분 미만 (%),2021,0,,
업종별,일반음식점 외,출장·이동음식점업,소계,테이크아웃 수,30~50인분 미만 (%),2021,0,,
업종별,일반음식점 외,출장·이동음식점업,소계,테이크아웃 수,50인분 이상 (%),2021,9.3,,
업종별,일반음식점 외,출장·이동음식점업,소계,테이크아웃 수,평균 (인분),2021,12.5,,
업종별,일반음식점 외,기타 음식점업,제과점,방문 고객수,20명 미만 (%),2021,64.5,7.8,13.8
업종별,일반음식점 외,기타 음식점업,제과점,방문 고객수,20~30명 미만 (%),2021,6.7,-2,-23
업종별,일반음식점 외,기타 음식점업,제과점,방문 고객수,30~50명 미만 (%),2021,12.2,-1.6,-11.6
업종별,일반음식점 외,기타 음식점업,제과점,방문 고객수,50~100명 미만 (%),2021,4.8,-8.3,-63.4
업종별,일반음식점 외,기타 음식점업,제과점,방문 고객수,100명 이상 (%),2021,11.8,4.2,55.3
업종별,일반음식점 외,기타 음식점업,제과점,방문 고객수,평균 (명),2021,31.8,0,0
업종별,일반음식점 외,기타 음식점업,제과점,배달 수,없음 (%),2021,58,-3.6,-5.8
업종별,일반음식점 외,기타 음식점업,제과점,배달 수,10인분 미만 (%),2021,15.2,-6.4,-29.6
업종별,일반음식점 외,기타 음식점업,제과점,배달 수,10~20인분 미만 (%),2021,14.2,6.2,77.5
업종별,일반음식점 외,기타 음식점업,제과점,배달 수,20~30인분 미만 (%),2021,6,4,200
업종별,일반음식점 외,기타 음식점업,제과점,배달 수,30~50인분 미만 (%),2021,3.2,-2.2,-40.7
업종별,일반음식점 외,기타 음식점업,제과점,배달 수,50인분 이상 (%),2021,3.4,2,142.9
업종별,일반음식점 외,기타 음식점업,제과점,배달 수,평균 (인분),2021,7.6,2.6,52
업종별,일반음식점 외,기타 음식점업,제과점,테이크아웃 수,없음 (%),2021,0.7,-7.5,-91.5
업종별,일반음식점 외,기타 음식점업,제과점,테이크아웃 수,10인분 미만 (%),2021,1.5,,
업종별,일반음식점 외,기타 음식점업,제과점,테이크아웃 수,10~20인분 미만 (%),2021,9.2,,
업종별,일반음식점 외,기타 음식점업,제과점,테이크아웃 수,20~30인분 미만 (%),2021,9.3,,
업종별,일반음식점 외,기타 음식점업,제과점,테이크아웃 수,30~50인분 미만 (%),2021,24.9,10.6,74.1
업종별,일반음식점 외,기타 음식점업,제과점,테이크아웃 수,50인분 이상 (%),2021,54.4,-23.2,-29.9
업종별,일반음식점 외,기타 음식점업,제과점,테이크아웃 수,평균 (인분),2021,74.4,-22.7,-23.4
업종별,일반음식점 외,기타 음식점업,피자·햄버거·샌드위치 및 유사 음식점업,방문 고객수,20명 미만 (%),2021,66.1,4,6.4
업종별,일반음식점 외,기타 음식점업,피자·햄버거·샌드위치 및 유사 음식점업,방문 고객수,20~30명 미만 (%),2021,7.1,-1.7,-19.3
업종별,일반음식점 외,기타 음식점업,피자·햄버거·샌드위치 및 유사 음식점업,방문 고객수,30~50명 미만 (%),2021,12.4,3.4,37.8
업종별,일반음식점 외,기타 음식점업,피자·햄버거·샌드위치 및 유사 음식점업,방문 고객수,50~100명 미만 (%),2021,4.6,-4.1,-47.1
업종별,일반음식점 외,기타 음식점업,피자·햄버거·샌드위치 및 유사 음식점업,방문 고객수,100명 이상 (%),2021,9.8,-1.6,-14
업종별,일반음식점 외,기타 음식점업,피자·햄버거·샌드위치 및 유사 음식점업,방문 고객수,평균 (명),2021,36.2,-6.5,-15.2
업종별,일반음식점 외,기타 음식점업,피자·햄버거·샌드위치 및 유사 음식점업,배달 수,없음 (%),2021,14.5,-8.3,-36.4
업종별,일반음식점 외,기타 음식점업,피자·햄버거·샌드위치 및 유사 음식점업,배달 수,10인분 미만 (%),2021,6.6,-4.9,-42.6
업종별,일반음식점 외,기타 음식점업,피자·햄버거·샌드위치 및 유사 음식점업,배달 수,10~20인분 미만 (%),2021,21.1,12,131.9
업종별,일반음식점 외,기타 음식점업,피자·햄버거·샌드위치 및 유사 음식점업,배달 수,20~30인분 미만 (%),2021,19.2,3.2,20
업종별,일반음식점 외,기타 음식점업,피자·햄버거·샌드위치 및 유사 음식점업,배달 수,30~50인분 미만 (%),2021,18.6,-2.4,-11.4
업종별,일반음식점 외,기타 음식점업,피자·햄버거·샌드위치 및 유사 음식점업,배달 수,50인분 이상 (%),2021,20,0.3,1.5
업종별,일반음식점 외,기타 음식점업,피자·햄버거·샌드위치 및 유사 음식점업,배달 수,평균 (인분),2021,33.4,1.6,5
업종별,일반음식점 외,기타 음식점업,피자·햄버거·샌드위치 및 유사 음식점업,테이크아웃 수,없음 (%),2021,2.2,-1.7,-43.6
업종별,일반음식점 외,기타 음식점업,피자·햄버거·샌드위치 및 유사 음식점업,테이크아웃 수,10인분 미만 (%),2021,26,3.1,13.5
업종별,일반음식점 외,기타 음식점업,피자·햄버거·샌드위치 및 유사 음식점업,테이크아웃 수,10~20인분 미만 (%),2021,23.2,1.3,5.9
업종별,일반음식점 외,기타 음식점업,피자·햄버거·샌드위치 및 유사 음식점업,테이크아웃 수,20~30인분 미만 (%),2021,15.8,5.8,58
업종별,일반음식점 외,기타 음식점업,피자·햄버거·샌드위치 및 유사 음식점업,테이크아웃 수,30~50인분 미만 (%),2021,13.4,-3.5,-20.7
업종별,일반음식점 외,기타 음식점업,피자·햄버거·샌드위치 및 유사 음식점업,테이크아웃 수,50인분 이상 (%),2021,19.4,-5.1,-20.8
업종별,일반음식점 외,기타 음식점업,피자·햄버거·샌드위치 및 유사 음식점업,테이크아웃 수,평균 (인분),2021,30,-5.9,-16.4
업종별,일반음식점 외,기타 음식점업,치킨전문점,방문 고객수,20명 미만 (%),2021,70.6,-3.5,-4.7
업종별,일반음식점 외,기타 음식점업,치킨전문점,방문 고객수,20~30명 미만 (%),2021,17.8,2.2,14.1
업종별,일반음식점 외,기타 음식점업,치킨전문점,방문 고객수,30~50명 미만 (%),2021,8.9,1.8,25.4
업종별,일반음식점 외,기타 음식점업,치킨전문점,방문 고객수,50~100명 미만 (%),2021,2.3,0.5,27.8
업종별,일반음식점 외,기타 음식점업,치킨전문점,방문 고객수,100명 이상 (%),2021,0.4,-1,-71.4
업종별,일반음식점 외,기타 음식점업,치킨전문점,방문 고객수,평균 (명),2021,13.4,0.2,1.5
업종별,일반음식점 외,기타 음식점업,치킨전문점,배달 수,없음 (%),2021,5.2,-5.2,-50
업종별,일반음식점 외,기타 음식점업,치킨전문점,배달 수,10인분 미만 (%),2021,7.2,-1.1,-13.3
업종별,일반음식점 외,기타 음식점업,치킨전문점,배달 수,10~20인분 미만 (%),2021,24,3.5,17.1
업종별,일반음식점 외,기타 음식점업,치킨전문점,배달 수,20~30인분 미만 (%),2021,29.1,9.4,47.7
업종별,일반음식점 외,기타 음식점업,치킨전문점,배달 수,30~50인분 미만 (%),2021,25.5,-3.1,-10.8
업종별,일반음식점 외,기타 음식점업,치킨전문점,배달 수,50인분 이상 (%),2021,9,-3.5,-28
업종별,일반음식점 외,기타 음식점업,치킨전문점,배달 수,평균 (인분),2021,25.2,-0.9,-3.4
업종별,일반음식점 외,기타 음식점업,치킨전문점,테이크아웃 수,없음 (%),2021,4.2,-18.4,-81.4
업종별,일반음식점 외,기타 음식점업,치킨전문점,테이크아웃 수,10인분 미만 (%),2021,50.1,1,2
업종별,일반음식점 외,기타 음식점업,치킨전문점,테이크아웃 수,10~20인분 미만 (%),2021,33.6,13.8,69.7
업종별,일반음식점 외,기타 음식점업,치킨전문점,테이크아웃 수,20~30인분 미만 (%),2021,7.8,1.9,32.2
업종별,일반음식점 외,기타 음식점업,치킨전문점,테이크아웃 수,30~50인분 미만 (%),2021,3.3,2.2,200
업종별,일반음식점 외,기타 음식점업,치킨전문점,테이크아웃 수,50인분 이상 (%),2021,1,-0.6,-37.5
업종별,일반음식점 외,기타 음식점업,치킨전문점,테이크아웃 수,평균 (인분),2021,9.9,3.1,45.6
업종별,일반음식점 외,기타 음식점업,김밥 및 기타 간이 음식점업,방문 고객수,20명 미만 (%),2021,29.9,5,20.1
업종별,일반음식점 외,기타 음식점업,김밥 및 기타 간이 음식점업,방문 고객수,20~30명 미만 (%),2021,16,1.6,11.1
업종별,일반음식점 외,기타 음식점업,김밥 및 기타 간이 음식점업,방문 고객수,30~50명 미만 (%),2021,23.3,1.6,7.4
업종별,일반음식점 외,기타 음식점업,김밥 및 기타 간이 음식점업,방문 고객수,50~100명 미만 (%),2021,20,-9.7,-32.7
업종별,일반음식점 외,기타 음식점업,김밥 및 기타 간이 음식점업,방문 고객수,100명 이상 (%),2021,10.8,1.5,16.1
업종별,일반음식점 외,기타 음식점업,김밥 및 기타 간이 음식점업,방문 고객수,평균 (명),2021,39.1,-4.1,-9.5
업종별,일반음식점 외,기타 음식점업,김밥 및 기타 간이 음식점업,배달 수,없음 (%),2021,46.4,-18.9,-28.9
업종별,일반음식점 외,기타 음식점업,김밥 및 기타 간이 음식점업,배달 수,10인분 미만 (%),2021,9.2,2.5,37.3
업종별,일반음식점 외,기타 음식점업,김밥 및 기타 간이 음식점업,배달 수,10~20인분 미만 (%),2021,16.2,7.1,78
업종별,일반음식점 외,기타 음식점업,김밥 및 기타 간이 음식점업,배달 수,20~30인분 미만 (%),2021,10.9,2.7,32.9
업종별,일반음식점 외,기타 음식점업,김밥 및 기타 간이 음식점업,배달 수,30~50인분 미만 (%),2021,10.7,3,39
업종별,일반음식점 외,기타 음식점업,김밥 및 기타 간이 음식점업,배달 수,50인분 이상 (%),2021,6.6,3.5,112.9
업종별,일반음식점 외,기타 음식점업,김밥 및 기타 간이 음식점업,배달 수,평균 (인분),2021,13.5,5.6,70.9
업종별,일반음식점 외,기타 음식점업,김밥 및 기타 간이 음식점업,테이크아웃 수,없음 (%),2021,13.7,-0.6,-4.2
업종별,일반음식점 외,기타 음식점업,김밥 및 기타 간이 음식점업,테이크아웃 수,10인분 미만 (%),2021,22.1,5.9,36.4
업종별,일반음식점 외,기타 음식점업,김밥 및 기타 간이 음식점업,테이크아웃 수,10~20인분 미만 (%),2021,22.1,-3.7,-14.3
업종별,일반음식점 외,기타 음식점업,김밥 및 기타 간이 음식점업,테이크아웃 수,20~30인분 미만 (%),2021,16.1,-0.6,-3.6
업종별,일반음식점 외,기타 음식점업,김밥 및 기타 간이 음식점업,테이크아웃 수,30~50인분 미만 (%),2021,13.5,0.7,5.5
업종별,일반음식점 외,기타 음식점업,김밥 및 기타 간이 음식점업,테이크아웃 수,50인분 이상 (%),2021,12.4,-1.7,-12.1
업종별,일반음식점 외,기타 음식점업,김밥 및 기타 간이 음식점업,테이크아웃 수,평균 (인분),2021,21.4,-1.9,-8.2
업종별,일반음식점 외,기타 음식점업,간이 음식 포장 판매 전문점,방문 고객수,20명 미만 (%),2021,71.9,14.1,24.4
업종별,일반음식점 외,기타 음식점업,간이 음식 포장 판매 전문점,방문 고객수,20~30명 미만 (%),2021,7.5,-0.7,-8.5
업종별,일반음식점 외,기타 음식점업,간이 음식 포장 판매 전문점,방문 고객수,30~50명 미만 (%),2021,9,0.7,8.4
업종별,일반음식점 외,기타 음식점업,간이 음식 포장 판매 전문점,방문 고객수,50~100명 미만 (%),2021,7.4,-10.1,-57.7
업종별,일반음식점 외,기타 음식점업,간이 음식 포장 판매 전문점,방문 고객수,100명 이상 (%),2021,4.2,-4,-48.8
업종별,일반음식점 외,기타 음식점업,간이 음식 포장 판매 전문점,방문 고객수,평균 (명),2021,22.1,-12.6,-36.3
업종별,일반음식점 외,기타 음식점업,간이 음식 포장 판매 전문점,배달 수,없음 (%),2021,50.7,-12.1,-19.3
업종별,일반음식점 외,기타 음식점업,간이 음식 포장 판매 전문점,배달 수,10인분 미만 (%),2021,16.8,4.2,33.3
업종별,일반음식점 외,기타 음식점업,간이 음식 포장 판매 전문점,배달 수,10~20인분 미만 (%),2021,7.7,2.8,57.1
업종별,일반음식점 외,기타 음식점업,간이 음식 포장 판매 전문점,배달 수,20~30인분 미만 (%),2021,7.7,4.4,133.3
업종별,일반음식점 외,기타 음식점업,간이 음식 포장 판매 전문점,배달 수,30~50인분 미만 (%),2021,7.5,-4.8,-39
업종별,일반음식점 외,기타 음식점업,간이 음식 포장 판매 전문점,배달 수,50인분 이상 (%),2021,9.5,5.3,126.2
업종별,일반음식점 외,기타 음식점업,간이 음식 포장 판매 전문점,배달 수,평균 (인분),2021,11.6,2.7,30.3
업종별,일반음식점 외,기타 음식점업,간이 음식 포장 판매 전문점,테이크아웃 수,없음 (%),2021,11.2,-7.9,-41.4
업종별,일반음식점 외,기타 음식점업,간이 음식 포장 판매 전문점,테이크아웃 수,10인분 미만 (%),2021,29,12.7,77.9
업종별,일반음식점 외,기타 음식점업,간이 음식 포장 판매 전문점,테이크아웃 수,10~20인분 미만 (%),2021,10.9,-1.9,-14.8
업종별,일반음식점 외,기타 음식점업,간이 음식 포장 판매 전문점,테이크아웃 수,20~30인분 미만 (%),2021,17,8.9,109.9
업종별,일반음식점 외,기타 음식점업,간이 음식 포장 판매 전문점,테이크아웃 수,30~50인분 미만 (%),2021,19.1,2.4,14.4
업종별,일반음식점 외,기타 음식점업,간이 음식 포장 판매 전문점,테이크아웃 수,50인분 이상 (%),2021,12.8,-14.2,-52.6
업종별,일반음식점 외,기타 음식점업,간이 음식 포장 판매 전문점,테이크아웃 수,평균 (인분),2021,28,-1.1,-3.8
업종별,일반음식점 외,주점업,소계,방문 고객수,20명 미만 (%),2021,39.5,3.3,9.1
업종별,일반음식점 외,주점업,소계,방문 고객수,20~30명 미만 (%),2021,22.7,0.2,0.9
업종별,일반음식점 외,주점업,소계,방문 고객수,30~50명 미만 (%),2021,27.9,3.2,13
업종별,일반음식점 외,주점업,소계,방문 고객수,50~100명 미만 (%),2021,8.1,-6.7,-45.3
업종별,일반음식점 외,주점업,소계,방문 고객수,100명 이상 (%),2021,1.8,0,0
업종별,일반음식점 외,주점업,소계,방문 고객수,평균 (명),2021,24.9,-4,-13.8
업종별,일반음식점 외,주점업,소계,배달 수,없음 (%),2021,90.9,-2.4,-2.6
업종별,일반음식점 외,주점업,소계,배달 수,10인분 미만 (%),2021,2.5,-0.2,-7.4
업종별,일반음식점 외,주점업,소계,배달 수,10~20인분 미만 (%),2021,3.9,1.6,69.6
업종별,일반음식점 외,주점업,소계,배달 수,20~30인분 미만 (%),2021,1.6,0.3,23.1
업종별,일반음식점 외,주점업,소계,배달 수,30~50인분 미만 (%),2021,0.7,0.3,75
업종별,일반음식점 외,주점업,소계,배달 수,50인분 이상 (%),2021,0.4,,
업종별,일반음식점 외,주점업,소계,배달 수,평균 (인분),2021,1.4,0.6,75
업종별,일반음식점 외,주점업,소계,테이크아웃 수,없음 (%),2021,82.5,-0.9,-1.1
업종별,일반음식점 외,주점업,소계,테이크아웃 수,10인분 미만 (%),2021,13.6,-0.3,-2.2
업종별,일반음식점 외,주점업,소계,테이크아웃 수,10~20인분 미만 (%),2021,3,0.6,25
업종별,일반음식점 외,주점업,소계,테이크아웃 수,20~30인분 미만 (%),2021,0.6,,
업종별,일반음식점 외,주점업,소계,테이크아웃 수,30~50인분 미만 (%),2021,0.3,0,0
업종별,일반음식점 외,주점업,소계,테이크아웃 수,50인분 이상 (%),2021,0,,
업종별,일반음식점 외,주점업,소계,테이크아웃 수,평균 (인분),2021,1,0.1,11.1
업종별,일반음식점 외,비알콜 음료점업,소계,방문 고객수,20명 미만 (%),2021,12.2,-2.9,-19.2
업종별,일반음식점 외,비알콜 음료점업,소계,방문 고객수,20~30명 미만 (%),2021,9,-3,-25
업종별,일반음식점 외,비알콜 음료점업,소계,방문 고객수,30~50명 미만 (%),2021,34.8,5.9,20.4
업종별,일반음식점 외,비알콜 음료점업,소계,방문 고객수,50~100명 미만 (%),2021,30,0.6,2
업종별,일반음식점 외,비알콜 음료점업,소계,방문 고객수,100명 이상 (%),2021,13.9,-0.8,-5.4
업종별,일반음식점 외,비알콜 음료점업,소계,방문 고객수,평균 (명),2021,55.2,0.1,0.2
업종별,일반음식점 외,비알콜 음료점업,소계,배달 수,없음 (%),2021,62.6,-20.4,-24.6
업종별,일반음식점 외,비알콜 음료점업,소계,배달 수,10인분 미만 (%),2021,7.1,1.4,24.6
업종별,일반음식점 외,비알콜 음료점업,소계,배달 수,10~20인분 미만 (%),2021,14.8,9.3,169.1
업종별,일반음식점 외,비알콜 음료점업,소계,배달 수,20~30인분 미만 (%),2021,6,2.5,71.4
업종별,일반음식점 외,비알콜 음료점업,소계,배달 수,30~50인분 미만 (%),2021,6.8,5.1,300
업종별,일반음식점 외,비알콜 음료점업,소계,배달 수,50인분 이상 (%),2021,2.7,2,285.7
업종별,일반음식점 외,비알콜 음료점업,소계,배달 수,평균 (인분),2021,7.3,4.8,192
업종별,일반음식점 외,비알콜 음료점업,소계,테이크아웃 수,없음 (%),2021,13.2,-2,-13.2
업종별,일반음식점 외,비알콜 음료점업,소계,테이크아웃 수,10인분 미만 (%),2021,12.9,,
업종별,일반음식점 외,비알콜 음료점업,소계,테이크아웃 수,10~20인분 미만 (%),2021,13.3,4.5,51.1
업종별,일반음식점 외,비알콜 음료점업,소계,테이크아웃 수,20~30인분 미만 (%),2021,17.7,5.1,40.5
업종별,일반음식점 외,비알콜 음료점업,소계,테이크아웃 수,30~50인분 미만 (%),2021,19.2,-10,-34.2
업종별,일반음식점 외,비알콜 음료점업,소계,테이크아웃 수,50인분 이상 (%),2021,23.6,-10.6,-31
업종별,일반음식점 외,비알콜 음료점업,소계,테이크아웃 수,평균 (인분),2021,30.5,-13.1,-30
운영형태별,프랜차이즈,소계,소계,방문 고객수,20명 미만 (%),2021,33.1,3.4,11.4
운영형태별,프랜차이즈,소계,소계,방문 고객수,20~30명 미만 (%),2021,10.1,-1.3,-11.4
운영형태별,프랜차이즈,소계,소계,방문 고객수,30~50명 미만 (%),2021,21.6,5.1,30.9
운영형태별,프랜차이즈,소계,소계,방문 고객수,50~100명 미만 (%),2021,20.2,-4.4,-17.9
운영형태별,프랜차이즈,소계,소계,방문 고객수,100명 이상 (%),2021,15.1,-2.7,-15.2
운영형태별,프랜차이즈,소계,소계,방문 고객수,평균 (명),2021,52.7,-11.4,-17.8
운영형태별,프랜차이즈,소계,소계,배달 수,없음 (%),2021,34,-16.3,-32.4
운영형태별,프랜차이즈,소계,소계,배달 수,10인분 미만 (%),2021,9.2,-0.4,-4.2
운영형태별,프랜차이즈,소계,소계,배달 수,10~20인분 미만 (%),2021,20.3,6.5,47.1
운영형태별,프랜차이즈,소계,소계,배달 수,20~30인분 미만 (%),2021,14.9,6.7,81.7
운영형태별,프랜차이즈,소계,소계,배달 수,30~50인분 미만 (%),2021,14.3,2.5,21.2
운영형태별,프랜차이즈,소계,소계,배달 수,50인분 이상 (%),2021,7.2,0.9,14.3
운영형태별,프랜차이즈,소계,소계,배달 수,평균 (인분),2021,16.7,3.6,27.5
운영형태별,프랜차이즈,소계,소계,테이크아웃 수,없음 (%),2021,18.7,-11,-37
운영형태별,프랜차이즈,소계,소계,테이크아웃 수,10인분 미만 (%),2021,27.8,5,21.9
운영형태별,프랜차이즈,소계,소계,테이크아웃 수,10~20인분 미만 (%),2021,20.7,6.4,44.8
운영형태별,프랜차이즈,소계,소계,테이크아웃 수,20~30인분 미만 (%),2021,10.7,3.1,40.8
운영형태별,프랜차이즈,소계,소계,테이크아웃 수,30~50인분 미만 (%),2021,9.5,2.2,30.1
운영형태별,프랜차이즈,소계,소계,테이크아웃 수,50인분 이상 (%),2021,12.7,-5.7,-31
운영형태별,프랜차이즈,소계,소계,테이크아웃 수,평균 (인분),2021,21.2,-4.6,-17.8
운영형태별,비프랜차이즈,소계,소계,방문 고객수,20명 미만 (%),2021,27.6,1.7,6.6
운영형태별,비프랜차이즈,소계,소계,방문 고객수,20~30명 미만 (%),2021,16.4,0.3,1.9
운영형태별,비프랜차이즈,소계,소계,방문 고객수,30~50명 미만 (%),2021,28.8,2.9,11.2
운영형태별,비프랜차이즈,소계,소계,방문 고객수,50~100명 미만 (%),2021,21.3,-3.2,-13.1
운영형태별,비프랜차이즈,소계,소계,방문 고객수,100명 이상 (%),2021,6,-1.6,-21.1
운영형태별,비프랜차이즈,소계,소계,방문 고객수,평균 (명),2021,38,-3.7,-8.9
운영형태별,비프랜차이즈,소계,소계,배달 수,없음 (%),2021,74.2,-8.3,-10.1
운영형태별,비프랜차이즈,소계,소계,배달 수,10인분 미만 (%),2021,7.4,3,68.2
운영형태별,비프랜차이즈,소계,소계,배달 수,10~20인분 미만 (%),2021,6.9,1.7,32.7
운영형태별,비프랜차이즈,소계,소계,배달 수,20~30인분 미만 (%),2021,4.3,1.5,53.6
운영형태별,비프랜차이즈,소계,소계,배달 수,30~50인분 미만 (%),2021,4.3,1.3,43.3
운영형태별,비프랜차이즈,소계,소계,배달 수,50인분 이상 (%),2021,2.9,0.9,45
운영형태별,비프랜차이즈,소계,소계,배달 수,평균 (인분),2021,5.6,1.6,40
운영형태별,비프랜차이즈,소계,소계,테이크아웃 수,없음 (%),2021,52.6,-10.4,-16.5
운영형태별,비프랜차이즈,소계,소계,테이크아웃 수,10인분 미만 (%),2021,20.4,5.6,37.8
운영형태별,비프랜차이즈,소계,소계,테이크아웃 수,10~20인분 미만 (%),2021,10.4,2,23.8
운영형태별,비프랜차이즈,소계,소계,테이크아웃 수,20~30인분 미만 (%),2021,7.2,3.4,89.5
운영형태별,비프랜차이즈,소계,소계,테이크아웃 수,30~50인분 미만 (%),2021,5.1,-0.3,-5.6
운영형태별,비프랜차이즈,소계,소계,테이크아웃 수,50인분 이상 (%),2021,4.2,-0.3,-6.7
운영형태별,비프랜차이즈,소계,소계,테이크아웃 수,평균 (인분),2021,9,1.2,15.4
지역별,서울권,소계,소계,방문 고객수,20명 미만 (%),2021,15.7,-1.5,-8.7
지역별,서울권,소계,소계,방문 고객수,20~30명 미만 (%),2021,13,3.2,32.7
지역별,서울권,소계,소계,방문 고객수,30~50명 미만 (%),2021,28.6,9,45.9
지역별,서울권,소계,소계,방문 고객수,50~100명 미만 (%),2021,27.1,-4.7,-14.8
지역별,서울권,소계,소계,방문 고객수,100명 이상 (%),2021,15.7,-5.9,-27.3
지역별,서울권,소계,소계,방문 고객수,평균 (명),2021,55.5,-13.7,-19.8
지역별,서울권,소계,소계,배달 수,없음 (%),2021,67.6,-9,-11.7
지역별,서울권,소계,소계,배달 수,10인분 미만 (%),2021,8.2,3.2,64
지역별,서울권,소계,소계,배달 수,10~20인분 미만 (%),2021,6.5,0.6,10.2
지역별,서울권,소계,소계,배달 수,20~30인분 미만 (%),2021,6.7,2.6,63.4
지역별,서울권,소계,소계,배달 수,30~50인분 미만 (%),2021,6.4,0.6,10.3
지역별,서울권,소계,소계,배달 수,50인분 이상 (%),2021,4.6,1.9,70.4
지역별,서울권,소계,소계,배달 수,평균 (인분),2021,7.9,1.8,29.5
지역별,서울권,소계,소계,테이크아웃 수,없음 (%),2021,39.1,-0.3,-0.8
지역별,서울권,소계,소계,테이크아웃 수,10인분 미만 (%),2021,20.5,4.1,25
지역별,서울권,소계,소계,테이크아웃 수,10~20인분 미만 (%),2021,12.2,-1.4,-10.3
지역별,서울권,소계,소계,테이크아웃 수,20~30인분 미만 (%),2021,7.4,1.4,23.3
지역별,서울권,소계,소계,테이크아웃 수,30~50인분 미만 (%),2021,8.8,-0.2,-2.2
지역별,서울권,소계,소계,테이크아웃 수,50인분 이상 (%),2021,12.1,-3.5,-22.4
지역별,서울권,소계,소계,테이크아웃 수,평균 (인분),2021,17.8,-5,-21.9
지역별,수도권,소계,소계,방문 고객수,20명 미만 (%),2021,31.6,6.5,25.9
지역별,수도권,소계,소계,방문 고객수,20~30명 미만 (%),2021,15.9,2.6,19.5
지역별,수도권,소계,소계,방문 고객수,30~50명 미만 (%),2021,24,4.5,23.1
지역별,수도권,소계,소계,방문 고객수,50~100명 미만 (%),2021,19.6,-10.2,-34.2
지역별,수도권,소계,소계,방문 고객수,100명 이상 (%),2021,8.9,-3.4,-27.6
지역별,수도권,소계,소계,방문 고객수,평균 (명),2021,41.4,-11.1,-21.1
지역별,수도권,소계,소계,배달 수,없음 (%),2021,64.5,-11.2,-14.8
지역별,수도권,소계,소계,배달 수,10인분 미만 (%),2021,6.9,1.4,25.5
지역별,수도권,소계,소계,배달 수,10~20인분 미만 (%),2021,10.8,3.3,44
지역별,수도권,소계,소계,배달 수,20~30인분 미만 (%),2021,7.3,3.6,97.3
지역별,수도권,소계,소계,배달 수,30~50인분 미만 (%),2021,6.2,1,19.2
지역별,수도권,소계,소계,배달 수,50인분 이상 (%),2021,4.3,2,87
지역별,수도권,소계,소계,배달 수,평균 (인분),2021,8.5,2.7,46.6
지역별,수도권,소계,소계,테이크아웃 수,없음 (%),2021,44.8,-8.9,-16.6
지역별,수도권,소계,소계,테이크아웃 수,10인분 미만 (%),2021,24.3,5.7,30.6
지역별,수도권,소계,소계,테이크아웃 수,10~20인분 미만 (%),2021,13.3,3.9,41.5
지역별,수도권,소계,소계,테이크아웃 수,20~30인분 미만 (%),2021,5.6,1.3,30.2
지역별,수도권,소계,소계,테이크아웃 수,30~50인분 미만 (%),2021,5.5,-0.4,-6.8
지역별,수도권,소계,소계,테이크아웃 수,50인분 이상 (%),2021,6.5,-1.6,-19.8
지역별,수도권,소계,소계,테이크아웃 수,평균 (인분),2021,10.6,-0.9,-7.8
지역별,충청권,소계,소계,방문 고객수,20명 미만 (%),2021,14.5,1.9,15.1
지역별,충청권,소계,소계,방문 고객수,20~30명 미만 (%),2021,17.4,-1.4,-7.4
지역별,충청권,소계,소계,방문 고객수,30~50명 미만 (%),2021,38.6,-1.1,-2.8
지역별,충청권,소계,소계,방문 고객수,50~100명 미만 (%),2021,26.8,3,12.6
지역별,충청권,소계,소계,방문 고객수,100명 이상 (%),2021,2.7,-2.4,-47.1
지역별,충청권,소계,소계,방문 고객수,평균 (명),2021,41.3,-0.9,-2.1
지역별,충청권,소계,소계,배달 수,없음 (%),2021,57.5,-15,-20.7
지역별,충청권,소계,소계,배달 수,10인분 미만 (%),2021,3.2,-1.4,-30.4
지역별,충청권,소계,소계,배달 수,10~20인분 미만 (%),2021,16.2,9.6,145.5
지역별,충청권,소계,소계,배달 수,20~30인분 미만 (%),2021,10,5.3,112.8
지역별,충청권,소계,소계,배달 수,30~50인분 미만 (%),2021,9.2,2.4,35.3
지역별,충청권,소계,소계,배달 수,50인분 이상 (%),2021,4,-0.6,-13
지역별,충청권,소계,소계,배달 수,평균 (인분),2021,10.3,2.7,35.5
지역별,충청권,소계,소계,테이크아웃 수,없음 (%),2021,21.9,-24.2,-52.5
지역별,충청권,소계,소계,테이크아웃 수,10인분 미만 (%),2021,19.9,2.3,13.1
지역별,충청권,소계,소계,테이크아웃 수,10~20인분 미만 (%),2021,24.5,7.6,45
지역별,충청권,소계,소계,테이크아웃 수,20~30인분 미만 (%),2021,20.6,12.3,148.2
지역별,충청권,소계,소계,테이크아웃 수,30~50인분 미만 (%),2021,10.9,4.7,75.8
지역별,충청권,소계,소계,테이크아웃 수,50인분 이상 (%),2021,2.2,-2.7,-55.1
지역별,충청권,소계,소계,테이크아웃 수,평균 (인분),2021,14.6,3.8,35.2
지역별,호남권,소계,소계,방문 고객수,20명 미만 (%),2021,36.1,-3.8,-9.5
지역별,호남권,소계,소계,방문 고객수,20~30명 미만 (%),2021,16.9,-1.5,-8.2
지역별,호남권,소계,소계,방문 고객수,30~50명 미만 (%),2021,25,2,8.7
지역별,호남권,소계,소계,방문 고객수,50~100명 미만 (%),2021,15.8,-0.8,-4.8
지역별,호남권,소계,소계,방문 고객수,100명 이상 (%),2021,6.3,4.1,186.4
지역별,호남권,소계,소계,방문 고객수,평균 (명),2021,33,4.3,15
지역별,호남권,소계,소계,배달 수,없음 (%),2021,74.8,2.8,3.9
지역별,호남권,소계,소계,배달 수,10인분 미만 (%),2021,8,4.2,110.5
지역별,호남권,소계,소계,배달 수,10~20인분 미만 (%),2021,5.9,-4.2,-41.6
지역별,호남권,소계,소계,배달 수,20~30인분 미만 (%),2021,3.8,-3.9,-50.6
지역별,호남권,소계,소계,배달 수,30~50인분 미만 (%),2021,4.6,0.5,12.2
지역별,호남권,소계,소계,배달 수,50인분 이상 (%),2021,3,0.7,30.4
지역별,호남권,소계,소계,배달 수,평균 (인분),2021,5.2,-1.1,-17.5
지역별,호남권,소계,소계,테이크아웃 수,없음 (%),2021,73.8,-3.5,-4.5
지역별,호남권,소계,소계,테이크아웃 수,10인분 미만 (%),2021,9.7,0.4,4.3
지역별,호남권,소계,소계,테이크아웃 수,10~20인분 미만 (%),2021,5.8,3.4,141.7
지역별,호남권,소계,소계,테이크아웃 수,20~30인분 미만 (%),2021,2.9,-0.9,-23.7
지역별,호남권,소계,소계,테이크아웃 수,30~50인분 미만 (%),2021,3.2,-0.1,-3
지역별,호남권,소계,소계,테이크아웃 수,50인분 이상 (%),2021,4.6,0.8,21.1
지역별,호남권,소계,소계,테이크아웃 수,평균 (인분),2021,6.6,0.9,15.8
지역별,경남권,소계,소계,방문 고객수,20명 미만 (%),2021,45.5,2.4,5.6
지역별,경남권,소계,소계,방문 고객수,20~30명 미만 (%),2021,14.8,-0.7,-4.5
지역별,경남권,소계,소계,방문 고객수,30~50명 미만 (%),2021,22.9,4.4,23.8
지역별,경남권,소계,소계,방문 고객수,50~100명 미만 (%),2021,12.7,-3.8,-23
지역별,경남권,소계,소계,방문 고객수,100명 이상 (%),2021,4.1,-2.3,-35.9
지역별,경남권,소계,소계,방문 고객수,평균 (명),2021,32,-6.8,-17.5
지역별,경남권,소계,소계,배달 수,없음 (%),2021,57.7,-17.4,-23.2
지역별,경남권,소계,소계,배달 수,10인분 미만 (%),2021,12.8,6.7,109.8
지역별,경남권,소계,소계,배달 수,10~20인분 미만 (%),2021,13.4,5.1,61.4
지역별,경남권,소계,소계,배달 수,20~30인분 미만 (%),2021,5.7,2.6,83.9
지역별,경남권,소계,소계,배달 수,30~50인분 미만 (%),2021,7.1,3,73.2
지역별,경남권,소계,소계,배달 수,50인분 이상 (%),2021,3.1,-0.1,-3.1
지역별,경남권,소계,소계,배달 수,평균 (인분),2021,8.7,3.1,55.4
지역별,경남권,소계,소계,테이크아웃 수,없음 (%),2021,46.3,-16.4,-26.2
지역별,경남권,소계,소계,테이크아웃 수,10인분 미만 (%),2021,28.3,12.7,81.4
지역별,경남권,소계,소계,테이크아웃 수,10~20인분 미만 (%),2021,11.3,4.3,61.4
지역별,경남권,소계,소계,테이크아웃 수,20~30인분 미만 (%),2021,5.8,3.4,141.7
지역별,경남권,소계,소계,테이크아웃 수,30~50인분 미만 (%),2021,4.5,0.2,4.7
지역별,경남권,소계,소계,테이크아웃 수,50인분 이상 (%),2021,3.8,-4.1,-51.9
지역별,경남권,소계,소계,테이크아웃 수,평균 (인분),2021,9.3,-2.2,-19.1
지역별,경북권,소계,소계,방문 고객수,20명 미만 (%),2021,40,7.4,22.7
지역별,경북권,소계,소계,방문 고객수,20~30명 미만 (%),2021,10.8,-7,-39.3
지역별,경북권,소계,소계,방문 고객수,30~50명 미만 (%),2021,21.9,-3,-12
지역별,경북권,소계,소계,방문 고객수,50~100명 미만 (%),2021,19.9,1.6,8.7
지역별,경북권,소계,소계,방문 고객수,100명 이상 (%),2021,7.4,1,15.6
지역별,경북권,소계,소계,방문 고객수,평균 (명),2021,36.7,0.2,0.5
지역별,경북권,소계,소계,배달 수,없음 (%),2021,61.8,-3.6,-5.5
지역별,경북권,소계,소계,배달 수,10인분 미만 (%),2021,8.4,-2.8,-25
지역별,경북권,소계,소계,배달 수,10~20인분 미만 (%),2021,9.3,1.1,13.4
지역별,경북권,소계,소계,배달 수,20~30인분 미만 (%),2021,7.8,3.7,90.2
지역별,경북권,소계,소계,배달 수,30~50인분 미만 (%),2021,8.4,2.1,33.3
지역별,경북권,소계,소계,배달 수,50인분 이상 (%),2021,4.3,-0.4,-8.5
지역별,경북권,소계,소계,배달 수,평균 (인분),2021,10,1.8,22
지역별,경북권,소계,소계,테이크아웃 수,없음 (%),2021,51.5,-5.1,-9
지역별,경북권,소계,소계,테이크아웃 수,10인분 미만 (%),2021,26.3,4.2,19
지역별,경북권,소계,소계,테이크아웃 수,10~20인분 미만 (%),2021,8.4,1.3,18.3
지역별,경북권,소계,소계,테이크아웃 수,20~30인분 미만 (%),2021,6.4,2.2,52.4
지역별,경북권,소계,소계,테이크아웃 수,30~50인분 미만 (%),2021,1.9,-2.7,-58.7
지역별,경북권,소계,소계,테이크아웃 수,50인분 이상 (%),2021,5.6,0,0
지역별,경북권,소계,소계,테이크아웃 수,평균 (인분),2021,9.7,0.5,5.4
매출액규모별,5천만원 미만,소계,소계,방문 고객수,20명 미만 (%),2021,66.5,-4.1,-5.8
매출액규모별,5천만원 미만,소계,소계,방문 고객수,20~30명 미만 (%),2021,15,-2.1,-12.3
매출액규모별,5천만원 미만,소계,소계,방문 고객수,30~50명 미만 (%),2021,10.7,0.2,1.9
매출액규모별,5천만원 미만,소계,소계,방문 고객수,50~100명 미만 (%),2021,5.9,4.1,227.8
매출액규모별,5천만원 미만,소계,소계,방문 고객수,100명 이상 (%),2021,2,,
매출액규모별,5천만원 미만,소계,소계,방문 고객수,평균 (명),2021,17.4,3.8,27.9
매출액규모별,5천만원 미만,소계,소계,배달 수,없음 (%),2021,79,-5.2,-6.2
매출액규모별,5천만원 미만,소계,소계,배달 수,10인분 미만 (%),2021,9.9,2.7,37.5
매출액규모별,5천만원 미만,소계,소계,배달 수,10~20인분 미만 (%),2021,3.7,-2.1,-36.2
매출액규모별,5천만원 미만,소계,소계,배달 수,20~30인분 미만 (%),2021,2.9,1.2,70.6
매출액규모별,5천만원 미만,소계,소계,배달 수,30~50인분 미만 (%),2021,3.5,2.5,250
매출액규모별,5천만원 미만,소계,소계,배달 수,50인분 이상 (%),2021,1,,
매출액규모별,5천만원 미만,소계,소계,배달 수,평균 (인분),2021,3.6,1.7,89.5
매출액규모별,5천만원 미만,소계,소계,테이크아웃 수,없음 (%),2021,56.3,-10,-15.1
매출액규모별,5천만원 미만,소계,소계,테이크아웃 수,10인분 미만 (%),2021,25.3,13.4,112.6
매출액규모별,5천만원 미만,소계,소계,테이크아웃 수,10~20인분 미만 (%),2021,7.9,0.8,11.3
매출액규모별,5천만원 미만,소계,소계,테이크아웃 수,20~30인분 미만 (%),2021,4.8,-0.2,-4
매출액규모별,5천만원 미만,소계,소계,테이크아웃 수,30~50인분 미만 (%),2021,3.3,-1.4,-29.8
매출액규모별,5천만원 미만,소계,소계,테이크아웃 수,50인분 이상 (%),2021,2.4,-2.6,-52
매출액규모별,5천만원 미만,소계,소계,테이크아웃 수,평균 (인분),2021,5.4,-1.7,-23.9
매출액규모별,5천만원~1억원 미만,소계,소계,방문 고객수,20명 미만 (%),2021,38.9,-2.1,-5.1
매출액규모별,5천만원~1억원 미만,소계,소계,방문 고객수,20~30명 미만 (%),2021,18.7,-1.9,-9.2
매출액규모별,5천만원~1억원 미만,소계,소계,방문 고객수,30~50명 미만 (%),2021,28.2,3.5,14.2
매출액규모별,5천만원~1억원 미만,소계,소계,방문 고객수,50~100명 미만 (%),2021,11.9,-1.6,-11.9
매출액규모별,5천만원~1억원 미만,소계,소계,방문 고객수,100명 이상 (%),2021,2.3,2.2,2200
매출액규모별,5천만원~1억원 미만,소계,소계,방문 고객수,평균 (명),2021,27.3,2.9,11.9
매출액규모별,5천만원~1억원 미만,소계,소계,배달 수,없음 (%),2021,70.9,-6.4,-8.3
매출액규모별,5천만원~1억원 미만,소계,소계,배달 수,10인분 미만 (%),2021,9.4,2.2,30.6
매출액규모별,5천만원~1억원 미만,소계,소계,배달 수,10~20인분 미만 (%),2021,10.2,2.8,37.8
매출액규모별,5천만원~1억원 미만,소계,소계,배달 수,20~30인분 미만 (%),2021,4.7,0.8,20.5
매출액규모별,5천만원~1억원 미만,소계,소계,배달 수,30~50인분 미만 (%),2021,3.7,0,0
매출액규모별,5천만원~1억원 미만,소계,소계,배달 수,50인분 이상 (%),2021,1,0.5,100
매출액규모별,5천만원~1억원 미만,소계,소계,배달 수,평균 (인분),2021,4.5,0.9,25
매출액규모별,5천만원~1억원 미만,소계,소계,테이크아웃 수,없음 (%),2021,51.7,-4.9,-8.7
매출액규모별,5천만원~1억원 미만,소계,소계,테이크아웃 수,10인분 미만 (%),2021,19.7,5.7,40.7
매출액규모별,5천만원~1억원 미만,소계,소계,테이크아웃 수,10~20인분 미만 (%),2021,10.6,1.9,21.8
매출액규모별,5천만원~1억원 미만,소계,소계,테이크아웃 수,20~30인분 미만 (%),2021,6.8,1.7,33.3
매출액규모별,5천만원~1억원 미만,소계,소계,테이크아웃 수,30~50인분 미만 (%),2021,6.4,-2.7,-29.7
매출액규모별,5천만원~1억원 미만,소계,소계,테이크아웃 수,50인분 이상 (%),2021,4.7,-1.9,-28.8
매출액규모별,5천만원~1억원 미만,소계,소계,테이크아웃 수,평균 (인분),2021,9.2,-1.5,-14
매출액규모별,1억원~5억원 미만,소계,소계,방문 고객수,20명 미만 (%),2021,18,2.2,13.9
매출액규모별,1억원~5억원 미만,소계,소계,방문 고객수,20~30명 미만 (%),2021,13.9,0.1,0.7
매출액규모별,1억원~5억원 미만,소계,소계,방문 고객수,30~50명 미만 (%),2021,31.5,4.5,16.7
매출액규모별,1억원~5억원 미만,소계,소계,방문 고객수,50~100명 미만 (%),2021,27.4,-5.1,-15.7
매출액규모별,1억원~5억원 미만,소계,소계,방문 고객수,100명 이상 (%),2021,9.2,-1.7,-15.6
매출액규모별,1억원~5억원 미만,소계,소계,방문 고객수,평균 (명),2021,45.8,-2.8,-5.8
매출액규모별,1억원~5억원 미만,소계,소계,배달 수,없음 (%),2021,57.9,-13.4,-18.8
매출액규모별,1억원~5억원 미만,소계,소계,배달 수,10인분 미만 (%),2021,7,1.8,34.6
매출액규모별,1억원~5억원 미만,소계,소계,배달 수,10~20인분 미만 (%),2021,12.3,4.2,51.9
매출액규모별,1억원~5억원 미만,소계,소계,배달 수,20~30인분 미만 (%),2021,8.8,3.9,79.6
매출액규모별,1억원~5억원 미만,소계,소계,배달 수,30~50인분 미만 (%),2021,8.7,2,29.9
매출액규모별,1억원~5억원 미만,소계,소계,배달 수,50인분 이상 (%),2021,5.2,1.4,36.8
매출액규모별,1억원~5억원 미만,소계,소계,배달 수,평균 (인분),2021,10.4,3.1,42.5
매출액규모별,1억원~5억원 미만,소계,소계,테이크아웃 수,없음 (%),2021,38.1,-12.9,-25.3
매출액규모별,1억원~5억원 미만,소계,소계,테이크아웃 수,10인분 미만 (%),2021,23.4,4.2,21.9
매출액규모별,1억원~5억원 미만,소계,소계,테이크아웃 수,10~20인분 미만 (%),2021,15.7,5,46.7
매출액규모별,1억원~5억원 미만,소계,소계,테이크아웃 수,20~30인분 미만 (%),2021,9.2,4.6,100
매출액규모별,1억원~5억원 미만,소계,소계,테이크아웃 수,30~50인분 미만 (%),2021,6.4,1.2,23.1
매출액규모별,1억원~5억원 미만,소계,소계,테이크아웃 수,50인분 이상 (%),2021,7.1,-2.1,-22.8
매출액규모별,1억원~5억원 미만,소계,소계,테이크아웃 수,평균 (인분),2021,13.1,-0.2,-1.5
매출액규모별,5억원 이상,소계,소계,방문 고객수,20명 미만 (%),2021,7.8,0.9,13
매출액규모별,5억원 이상,소계,소계,방문 고객수,20~30명 미만 (%),2021,2.9,0.8,38.1
매출액규모별,5억원 이상,소계,소계,방문 고객수,30~50명 미만 (%),2021,8.6,0.3,3.6
매출액규모별,5억원 이상,소계,소계,방문 고객수,50~100명 미만 (%),2021,29.8,4.3,16.9
매출액규모별,5억원 이상,소계,소계,방문 고객수,100명 이상 (%),2021,51,-6.2,-10.8
매출액규모별,5억원 이상,소계,소계,방문 고객수,평균 (명),2021,145.7,-34.4,-19.1
매출액규모별,5억원 이상,소계,소계,배달 수,없음 (%),2021,55,-12.7,-18.8
매출액규모별,5억원 이상,소계,소계,배달 수,10인분 미만 (%),2021,4.9,0.5,11.4
매출액규모별,5억원 이상,소계,소계,배달 수,10~20인분 미만 (%),2021,6.4,0.3,4.9
매출액규모별,5억원 이상,소계,소계,배달 수,20~30인분 미만 (%),2021,9.6,6.1,174.3
매출액규모별,5억원 이상,소계,소계,배달 수,30~50인분 미만 (%),2021,10.6,3.6,51.4
매출액규모별,5억원 이상,소계,소계,배달 수,50인분 이상 (%),2021,13.6,2.3,20.4
매출액규모별,5억원 이상,소계,소계,배달 수,평균 (인분),2021,21,5.8,38.2
매출액규모별,5억원 이상,소계,소계,테이크아웃 수,없음 (%),2021,37.7,-13.5,-26.4
매출액규모별,5억원 이상,소계,소계,테이크아웃 수,10인분 미만 (%),2021,12.6,-2,-13.7
매출액규모별,5억원 이상,소계,소계,테이크아웃 수,10~20인분 미만 (%),2021,6.4,-6.2,-49.2
매출액규모별,5억원 이상,소계,소계,테이크아웃 수,20~30인분 미만 (%),2021,11.1,5.5,98.2
매출액규모별,5억원 이상,소계,소계,테이크아웃 수,30~50인분 미만 (%),2021,12.6,8.2,186.4
매출액규모별,5억원 이상,소계,소계,테이크아웃 수,50인분 이상 (%),2021,19.4,7.8,67.2
매출액규모별,5억원 이상,소계,소계,테이크아웃 수,평균 (인분),2021,37.6,13.7,57.3
